{"scale_x": 1.1929136133418965, "scale_y": 1.0184159957719419, "offset_x": -0.2420347875238742, "offset_y": -0.020924850183573263}