{"scale_x": -0.32227483195699075, "scale_y": 0.4573230941675366, "offset_x": 7.4208059232679915, "offset_y": 6.164397515561767}